Track name,Artist name,Album,Playlist name,Type,ISRC,Tidal - id
"La Parca","La Sonora Mazuren","Bailando con Extraños","Favorites tracks","Favorite","USCNP2206004","277200442"
"There, There","Radiohead","Hail To the Thief","Favorites tracks","Favorite","GBAYE0300722","58990565"
"Daydreaming","Radiohead","A Moon Shaped Pool","Favorites tracks","Favorite","GBBKS1600072","60215411"
"I Might Be Wrong","Radiohead","Amnesiac","Favorites tracks","Favorite","GBAYE0001581","58990540"
"A Wolf At the Door","Radiohead","Hail To the Thief","Favorites tracks","Favorite","GBAYE0300818","58990570"
"Where I End and You Begin","Radiohead","Hail To the Thief","Favorites tracks","Favorite","GBAYE0300809","58990562"
"Videotape","Radiohead","In Rainbows","Favorites tracks","Favorite","GBSTK0700010","61799600"
"How to Disappear Completely","Radiohead","Kid A","Favorites tracks","Favorite","GBAYE0000813","58990527"
"Exit Music (For A Film)","Radiohead","OK Computer","Favorites tracks","Favorite","GBAYE9701372","58990514"
"Desolvido","Edson Velandia","Panfletos","Favorites tracks","Favorite","QZW9L2223009","256698682"
"Juvenal y el Candidato","Edson Velandia","Panfletos","Favorites tracks","Favorite","QZW9L2223007","256698680"
"La Guerrillera","Edson Velandia","Panfletos","Favorites tracks","Favorite","QZW9L2223001","256698674"
"Su Madre Patria","Edson Velandia","Su Madre Patria","Favorites tracks","Favorite","US7VG1866964","100980992"
"El Amanecer","Edson Velandia","El Amanecer","Favorites tracks","Favorite","QZNJV2200309","233510510"
"Reckoner","Radiohead","In Rainbows","Favorites tracks","Favorite","GBSTK0700007","61799597"
"Nude","Radiohead","In Rainbows","Favorites tracks","Favorite","GBSTK0700003","61799592"
"In a Manner of Speaking","Nouvelle Vague","Nouvelle vague","Favorites tracks","Favorite","GBEWK0400021","301685604"
"Lejanía","Lisandro Meza","Cumbias Colombianas","Favorites tracks","Favorite","GBBFT9400059","60280064"
"Happy Together","The Turtles","Happy Together","Favorites tracks","Favorite","USA560587940","12445712"
"Last Chance","Thornato","Bennu","Favorites tracks","Favorite","USCCW1610618","249030180"
"Vênus","Nomade Orquestra","Nômade Orquestra","Favorites tracks","Favorite","GBDCR1500083","58211673"
"Pyramid Song","Radiohead","Amnesiac","Favorites tracks","Favorite","GBAYE0001578","58990537"
"Manha De Carnaval","Elizeth Cardoso","Black Orpheus (Original Motion Picture Soundtrack)","Favorites tracks","Favorite","USGR10300501","3763971"
"Preciso Me Encontrar","Cartola","Cartola (1976)","Favorites tracks","Favorite","BREMI7600160","63778829"
"Construção","Chico Buarque","Construção","Favorites tracks","Favorite","BRPGD7100036","3765068"
"Glitter & Gold","Barns Courtney","Glitter & Gold","Favorites tracks","Favorite","GBUM71507092","53203896"
"La Jungla","Flaco Flow y Melanina","Polizones","Favorites tracks","Favorite","FR96X1511494","191036649"
"Street Spirit (Fade Out)","Hasan Ceylan","Street Spirit (Fade Out)","Favorites tracks","Favorite","SE6QE2640540","524657806"
"А я в карты не играю","Юрий Щербаков","ВЕК - Антология (Выпуск 5, «Русская песня»)","Favorites tracks","Favorite","KZA0T2506263","448613164"
"De Colores","José-Luis Orozco","De Colores","Favorites tracks","Favorite","TCADQ1822369","89599158"
"Когда мы покидали свой родимый край...","Юрий Щербаков","Когда мы покидали свой родимый край...","Favorites tracks","Favorite","QMFME2034483","397294455"
"Сон","Юрий Щербаков","Когда мы покидали свой родимый край...","Favorites tracks","Favorite","QMFME2034490","397294462"
"Мы - русские","Жанна Бичевская","Мы - русские","Favorites tracks","Favorite","QMPU51251985","68688143"
"Elbow Pain","Glue Trip","Glue Trip","Favorites tracks","Favorite","US7VG1620694","58260539"
"Saving A Life","richard houghten","Sonata De Grillo","Favorites tracks","Favorite","TCACC1433451","240363883"
"Mağarada Düğün","Erkin Koray","Allah Aşkına","Favorites tracks","Favorite","TR0300600735","23619593"
"Goca Dünya","Erkin Koray","Sen Yoksun Diye (45'lik)","Favorites tracks","Favorite","TR1791400232","49004304"
"Chubina","East Duo","Chubina","Favorites tracks","Favorite","QM6P42513059","444270727"
"Migration Feathers","General Elektriks","To Be a Stranger","Favorites tracks","Favorite","USR8J1500004","55012032"
"Fijate Bien","Juanes","Fijate Bien","Favorites tracks","Favorite","USUL10000145","4006518"
"Podemos Hacernos Daño","Juanes","Fijate Bien","Favorites tracks","Favorite","USUL10000142","4006515"
"Es Por Ti","Juanes","Un Día Normal","Favorites tracks","Favorite","USUL10500058","5758547"
"A Dios Le Pido","Juanes","Un Día Normal","Favorites tracks","Favorite","USUL10200158","610940"
"La Paga","Juanes","Un Día Normal","Favorites tracks","Favorite","USUL10200276","610943"
"Mala Gente","Juanes","Un Día Normal","Favorites tracks","Favorite","USUL10200279","610947"
"Resimdeki Gözyaşları","Cem Karaca","Ağır Roman (Orijinal Film Müzikleri)","Favorites tracks","Favorite","TRA160000922","27047130"
"Nem Alacak Felek Benim","Cem Karaca","Istanbul 70: Psych, Disco, Folk Edits by Baris K - Vol. I","Favorites tracks","Favorite","USBDW1000032","19148039"
"First Six Months of Love","Michelle Gurevich","New Decadence","Favorites tracks","Favorite","TCACR1699405","65405985"
"Fuck the Government, I Love You","The Burning Hell","Public Library","Favorites tracks","Favorite","CA8PF1520003","94189476"
"Melody Noir","Patrick Watson","Wave","Favorites tracks","Favorite","CA0RZ1800031","119484191"
"Je te laisserai des mots","Patrick Watson","Je te laisserai des mots","Favorites tracks","Favorite","CA0RZ1000020","188843702"
"Lloraras","Oscar D'León","Traicionera (Baile Total)","Favorites tracks","Favorite","USUM70605050","81113114"
"YEKTE (Live Session)","Seren Saraç","YEKTE (Live Session)","Favorites tracks","Favorite","QT6HK2544485","485765069"
"Westbound Train","Dennis Brown","Just Dennis","Favorites tracks","Favorite","GBAJE7400300","491246772"
"Candela","Aterciopelados","El Dorado","Favorites tracks","Favorite","USBL10100448","5043366"
"No Futuro","Aterciopelados","El Dorado","Favorites tracks","Favorite","USBL10100472","5043368"
"Hecho para ti","LATIN MAFIA","Hecho para ti","Favorites tracks","Favorite","QMDA62527257","449392712"
"El Baile","Pedro Pastor","Vulnerables","Favorites tracks","Favorite","ES71G1910720","419656814"
"Cuidame (Directo Libertad 8) (with Jorge Drexler)","Pedro Guerra","Pedro Guerra 20 Años Libertad 8 (En Directo)","Favorites tracks","Favorite","ES5021400183","28349766"
"Seres Extraños","Perotá Chingó","Perotá Chingó","Favorites tracks","Favorite","ARPTB1300008","188961850"
"U, Me and Madonna","1-800 GIRLS","U, Me and Madonna","Favorites tracks","Favorite","SE5BU1769274","79058567"
"Float On","Modest Mouse","Good News For People Who Love Bad News","Favorites tracks","Favorite","USSM10315494","61471"
"Suspirium","Thom Yorke","Suspiria (Music for the Luca Guadagnino Film)","Favorites tracks","Favorite","GB4YG1800147","96683509"
"Turiya & Ramakrishna","Alice Coltrane","Ptah The El Daoud","Favorites tracks","Favorite","USMC17049551","35655264"
"Silver Spoon","Kirk Fletcher","I'm Here and I'm Gone - 10th Anniversary Reissue (With Bonus Tracks)","Favorites tracks","Favorite","USA560940270","8776546"
"Multi-Love","Unknown Mortal Orchestra","Multi-Love","Favorites tracks","Favorite","US38Y1526201","45108109"
"Fear No Man","Little Simz","Sometimes I Might Be Introvert","Favorites tracks","Favorite","GBWWP2106851","252603967"
"The Lung","Hiatus Kaiyote","Choose Your Weapon","Favorites tracks","Favorite","USSM11500145","42879809"
"Si Me Matan","Silvana Estrada","Abrazo","Favorites tracks","Favorite","MXD782202861","418057354"
"The Dream","Oh Sees","Carrion Crawler / The Dream","Favorites tracks","Favorite","USA3D1110117","8152941"
"Goin' Against Your Mind","Built To Spill","You in Reverse","Favorites tracks","Favorite","USWB10600397","306840"
"Identity","X-Ray Spex","Germ Free Adolescents","Favorites tracks","Favorite","GBAJE7800071","377709744"
"Deceptacon","Le Tigre","Le Tigre","Favorites tracks","Favorite","TCABE1211301","92268618"
"Agitar","Bala","Maleza","Favorites tracks","Favorite","GBDHC2122301","174851951"
"Point / Counterpoint","Streetlight Manifesto","Everything Goes Numb","Favorites tracks","Favorite","TCADB1719644","73530251"
"She Said","The Jins","She Said","Favorites tracks","Favorite","CAB391802302","103361000"
"Kolyskova","DakhaBrakha","Light","Favorites tracks","Favorite","TCABS1493682","25764016"
"Specially for You","DakhaBrakha","Light","Favorites tracks","Favorite","TCABS1493678","25764012"
"Si Me Matan","Silvana Estrada","Abrazo (Extendido)","Favorites tracks","Favorite","MXD782202861","421871817"
"Normal","Alcolirykoz","Servicios Ambulatorioz","Favorites tracks","Favorite","COA6W1700418","478149991"
"Perhaps, Perhaps, Perhaps","CAKE","Fashion Nugget","Favorites tracks","Favorite","USCA19686707","668145"
"i love you","Billie Eilish","WHEN WE ALL FALL ASLEEP, WHERE DO WE GO?","Favorites tracks","Favorite","USUM71900773","121069671"
"Ain't No Sunshine","Bill Withers","Just As I Am","Favorites tracks","Favorite","USSM10000372","2098894"
"Where Did You Sleep Last Night","Leadbelly","The Tradition Masters: Lead Belly","Favorites tracks","Favorite","US2Y30609853","94764999"
"Ain't Got No / I Got Life","NINA SIMONE","Feeling Good: Her Greatest Hits And Remixes","Favorites tracks","Favorite","USRC16804194","215227779"
"Ain't Got No - I Got Life","Nina Simone","Miss Simone: The Hits","Favorites tracks","Favorite","USRC11100684","47211057"
"This Train","Sister Rosetta Tharpe","The Authorized Sister Rosetta Tharpe Collection","Favorites tracks","Favorite","QM6MZ1817437","91812236"
"I Want You (She's So Heavy)","The Beatles","Abbey Road (Remastered)","Favorites tracks","Favorite","GBAYE0601695","55130636"
"Strange Fruit","Billie Holiday","Lady Sings The Blues","Favorites tracks","Favorite","USPR35602457","93057542"
"How Blue Can You Get?","B.B. King","Live In Cook County Jail","Favorites tracks","Favorite","USMC17147484","77635567"
"A Fool No More","Peter Green","In the Skies","Favorites tracks","Favorite","GBAJE7800307","491305866"
"Misty","Sarah Vaughan","Sassy Swings The Tivoli","Favorites tracks","Favorite","USPR36302488","93438319"
"Tren Al Sur","Los Prisioneros","Corazones","Favorites tracks","Favorite","CLBB29000001","1325519"
"Canción Nueva","Niña Tormenta","Canción Nueva","Favorites tracks","Favorite","QZ9JZ1729269","420565195"
"Vuela Golondrina","Coral Rojo","Coral Rojo","Favorites tracks","Favorite","UKXN22227578","246157798"
"Revolución","Paisano","Re-Evolución","Favorites tracks","Favorite","QMBZ91630422","452693274"
"Tamarugal (Para de Mirarme)","Felipe Schuster","La Montaña","Favorites tracks","Favorite","TCACI1544365","183445023"
"Poema","Sarazul","Mercurio 52","Favorites tracks","Favorite","QZNJV2012483","156620296"
"Duerme, Duerme Negrito","Victor Jara","Pongo en Tus Manos Abiertas","Favorites tracks","Favorite","FR10S1486125","100943604"
"Lluvia","Mateo Kingman","Respira","Favorites tracks","Favorite","QMEU31510373","184594031"
"Atomic Bomb","William Onyeabor","World Psychedelic Classics 5: Who Is William Onyeabor?","Favorites tracks","Favorite","USLB11110081","36974640"
"Seventeen","Sharon Van Etten","Remind Me Tomorrow","Favorites tracks","Favorite","US38Y1833106","100786874"
"Utrus Horas","Orchestra Baobab","Pirates Choice","Favorites tracks","Favorite","GBBGU0163001","490878000"
"Mona Ki Ngi Xica","Bonga","Angola 72","Favorites tracks","Favorite","FRX627216040","488406729"
"Morals","Africa Express","EGOLI","Favorites tracks","Favorite","DEG931901756","184781153"
"Ingoma","Thandiswa","Ibokwe","Favorites tracks","Favorite","ZAC031906644","230795090"
"Nomalizo","Letta Mbulu","In The Music The Village Never Ends","Favorites tracks","Favorite","ZAA019600387","103527009"
"Werente Serigne","Orchestra Baobab","Pirates Choice","Favorites tracks","Favorite","GBBGU0163004","490878003"
"Undercover","Pierre Van Dormael, Hervé Samb","Solos - Duos","Favorites tracks","Favorite","BEB980832901","2168224"
"Uns","Anouar Brahem","Thimar","Favorites tracks","Favorite","DEB339764106","13413990"
"Dou Coula","Arat Kilo","Visions of Selam","Favorites tracks","Favorite","FRV961800002","83636262"
"Ay","Arema Arega","Gilles Peterson Presents: Havana Cultura the Search Continues","Favorites tracks","Favorite","GBMEF1100072","179152319"
"Cha Cha","Mulatu Astatke","Inspiration Information 3","Favorites tracks","Favorite","DEG930940065","184836229"
"Atomic Bomb (William Onyeabor vs. Hot Chip)","Hot Chip","What?!","Favorites tracks","Favorite","USLB11410081","36975053"
"La Ruée","Tony Njoku","Last Bloom","Favorites tracks","Favorite","UK4UM2400001","345452770"
"I Walk Alone","Marijata","This Is Marijata","Favorites tracks","Favorite","FR6V81136847","27920852"
"Kadia Blues","Orchestre De La Paillote","Syliphone, 40ème anniversaire, Vol. 2","Favorites tracks","Favorite","GBNRN1790962","74965474"
"Evolution","Ablaye Cissoko","Popenguine","Favorites tracks","Favorite","FR6GO1300320","34496746"
"Cler Achel","Tinariwen","Aman Iman: Water Is Life","Favorites tracks","Favorite","GBBPF0601501","106823537"
"Ngala Kaourene","Vieux Farka Touré","Les Racines","Favorites tracks","Favorite","GB5KW2104653","483507217"
"Djourou","Ballaké Sissoko","Djourou","Favorites tracks","Favorite","FR2W62000091","167248520"
"Afous Dafous","Tartit","Tartit: Amankor / The Exile","Favorites tracks","Favorite","GBDTM1912001","101121811"
"Achinkad","Imarhan","Aboogi","Favorites tracks","Favorite","FRPH72100010","334921438"
"Tgoul Maaraft","Mohamed Lamouri","Nova Tunes 3.1-4.0 (2015-2019) (Digital Version)","Favorites tracks","Favorite","FR1Z41700313","168155995"
"Tumast","Imarhan","Temet","Favorites tracks","Favorite","FRPH71700090","334893037"
"High Flyin' Bird","Richie Havens","Mixed Bag","Favorites tracks","Favorite","USF096625270","245032305"
"Soul Sacrifice","Santana","Santana (Legacy Edition)","Favorites tracks","Favorite","USSM10412335","547479"
"Got It Bad","LEISURE","Leisure","Favorites tracks","Favorite","TCACF1562385","215660534"
"Ronca (Carta para una mija)","Las Mijas","Ronca (Carta para una mija)","Favorites tracks","Favorite","QZNJW2226538","235858384"
"Chao Miamor","La Muchacha","Más Canciones Crudas","Favorites tracks","Favorite","QZGLM2112053","175682096"
"Other Side Of The Game","Erykah Badu","Baduizm","Favorites tracks","Favorite","USUR19902257","633715"
"It's an Unknown Jungle","Hugo Kant","Far from Home","Favorites tracks","Favorite","FR9W12019378","157117169"
"Lockers","Chapelier Fou","Kalia","Favorites tracks","Favorite","FR24Q1536011","442090938"
"Narco Trip","Guts","Guts (Le Bienheureux)","Favorites tracks","Favorite","FRQ040700044","285543894"
"3 Bandits","Bumcello","Nude for Love","Favorites tracks","Favorite","FR79W0200010","101124911"
"Weird Fishes/ Arpeggi","Rodrigo y Gabriela","Weird Fishes & Symphony No. 25 In G Minor","Favorites tracks","Favorite","USATO2200310","236816920"
"Jealous Lies","Soft Hair","Soft Hair","Favorites tracks","Favorite","GBCEL1600366","66364113"
"Rising Light","rude.","Eternal Youth","Favorites tracks","Favorite","QZ8LD1727715","77173147"
"I Hope You Die","Molly Nilsson","History","Favorites tracks","Favorite","SEYVA1100103","263890703"
"Folha de Jurema","Salvador Araguaya","Folha de Jurema (Remixes)","Favorites tracks","Favorite","DEZ651713346","294444496"
"Between A Smile And A Tear","Be Svendsen","Between a Smile and a Tear","Favorites tracks","Favorite","DKAZ71812602","94349888"
"Falling","Be Svendsen","Between a Smile and a Tear","Favorites tracks","Favorite","DKAZ71812601","94349887"
"Sun Sun Damba","Peter Power","Sun Gaze III","Favorites tracks","Favorite","GBKQU1648497","60563873"
"This Old Tune","Hugo Kant","I Don't Want to Be an Emperor","Favorites tracks","Favorite","FR9W11101314","76089685"
"Childhood","Mâhfoud","Contours of the Night Sky","Favorites tracks","Favorite","DEU672100347","269085278"
"The Finishing","Stavroz","The Ginning","Favorites tracks","Favorite","QMSNZ1307756","51725440"
"Season Song","Blue States","Man Mountain","Favorites tracks","Favorite","GBBKS0200466","18548194"
"Canton Mambo","Gia Fu","Canton Mambo","Favorites tracks","Favorite","QZTAW2327017","316722675"
"Bizaram Az Dine Shoma (Women Life Freedom)","The Kiffness","Bizaram Az Dine Shoma (Women Life Freedom)","Favorites tracks","Favorite","QZW9M2263905","263878823"
"Hey Now","Romare","Love Songs, Pt. 1","Favorites tracks","Favorite","GBTQV1300005","145590754"
"No Hay Ritmo","Capablanca","No Hay Ritmo","Favorites tracks","Favorite","DEBY40600898","184815945"
"Mystery Sound","Axiom","Yoga Zen","Favorites tracks","Favorite","FRX881100045","136597838"
"Doundounba","The All-Star Drummers of Guinea","You're Surrounded","Favorites tracks","Favorite","US99C1537401","467282870"
"Ahomale","Combo Chimbita","Ahomale","Favorites tracks","Favorite","USEP41854012","121049965"
"Ginafare","Mangue Sylla","Dunnun Kan","Favorites tracks","Favorite","US99C1537305","418515995"
"Entre Rejas","Lisandro Meza","El Baile del Pirulino: Música para Escamosos","Favorites tracks","Favorite","COF019400905","418345606"
"Privacidad (Hidden Track)","Funeral","Privacidad","Favorites tracks","Favorite","UYP141800005","97958489"
"Wayño","Canela Palacios","Sur","Favorites tracks","Favorite","GBSMU7869296","506901896"
"La Bomba","Azul Azul","El Sapo","Favorites tracks","Favorite","CLA220000021","17780815"
"Tarpuricusum Sarata","Luzmila Carpio","Luzmila Carpio Remixed (Luzmila Carpio Meets ZZK)","Favorites tracks","Favorite","GBGLW1500004","184599612"
"la mala suerte","Taki Ongoy","La mala suerte","Favorites tracks","Favorite","GBSMU3513528","116799049"
"Paloma del Alma Mía","Proyección","Ámame (Folklore Andino)","Favorites tracks","Favorite","FR2X41461885","48282677"
"Colquechacamanta","Zulma Yugar","Tierra Sin Mar","Favorites tracks","Favorite","GBBFT9600095","68290498"
"No Le Digan","Federico Y Su Combo","Federico y Su Combo","Favorites tracks","Favorite","CH6541893239","100811929"
"مبسوطة","Simone","الو","Favorites tracks","Favorite","FR96X2300259","287589513"
"Junun Brass","The Rajasthan Express","Junun","Favorites tracks","Favorite","USNO11500462","493207771"
"Mantra","Rubel","Casas","Favorites tracks","Favorite","BX18D1800007","417742932"
"Chambacú","Totó La Momposina","Pacantó","Favorites tracks","Favorite","ES71G1412694","197589563"
"Zapata Se Queda (with Celso Piña & Totó la Momposina)","Lila Downs","Pecados Y Milagros","Favorites tracks","Favorite","MXF011100408","8029122"
"Predestinación","Aries Vigoth","Éxitos","Favorites tracks","Favorite","TCAFG2062975","164879424"
"Sierra Madre (Remix)","Bial Hclap","Sierra Madre (Remix)","Favorites tracks","Favorite","GBLFP2068616","141540275"
"Paciencia","Zuaraz","Bugambilia","Favorites tracks","Favorite","ES71G2057652","420902490"
"Chéni (Miedo)","La Bruja de Texcoco","Chéni (Miedo)","Favorites tracks","Favorite","USHM22034738","242864548"
"Pepe","Ska Cubano","Mambo Ska","Favorites tracks","Favorite","GBKFY1000015","222586682"
"Noches de Bocagrande","Trío Martino","Colombia Es Amor, Vol. 5","Favorites tracks","Favorite","USR011012843","31783846"
"Black Leaves","KIRBY","Black Leaves","Favorites tracks","Favorite","TCAFZ2111958","318340733"
"Stuck In The Middle","Greentea Peng","Stuck In The Middle","Favorites tracks","Favorite","GBUM72203283","232039185"
"On & On","Erykah Badu","Baduizm","Favorites tracks","Favorite","USUR19700556","633713"
"Inside Out","FloFilz","Transit","Favorites tracks","Favorite","DEGC61902145","199850598"
"Mountains","Gotts Street Park","On The Inside","Favorites tracks","Favorite","GBPVV2300072","320519024"
"Red Room","Hiatus Kaiyote","Red Room","Favorites tracks","Favorite","GBCFB2100031","181514185"
"Brewster","Cruza","Dog Daze","Favorites tracks","Favorite","GBKPL2171392","244047213"
"Solitude","Lila Iké","The ExPerience","Favorites tracks","Favorite","USRC12001235","142003666"
"Vuelve","Bomba Estéreo","Ayo","Favorites tracks","Favorite","USSD11700377","76932275"
"Dondo","Aurelio Martinez","Darandi","Favorites tracks","Favorite","BZA001700005","69395834"
"Solo Quiero (feat. Pedrina)","Montoya","Otun","Favorites tracks","Favorite","GBGLW1800356","184599191"
"Solitario","Mitú","Balnear","Favorites tracks","Favorite","COGY11400101","28638115"
"Habibi","TÜFACHI BEAT","Habibi","Favorites tracks","Favorite","QZFZ42244163","214316459"
"Fantasmagoría","Sonido Gallo Negro","Paganismo","Favorites tracks","Favorite","MX3742000581","271695758"
"Colapso","Kevin Kaarl","Hasta el Fin Del Mundo","Favorites tracks","Favorite","QZDA71980570","483139425"
"Ohh La La","Roy & Yvonne","Moving On","Favorites tracks","Favorite","USCGH1444296","420106826"
"¿Qué Tiene?","Ximena Sariñana","¿Qué Tiene?","Favorites tracks","Favorite","MXF151800238","92507596"
"México","Mexican Institute Of Sound","Político","Favorites tracks","Favorite","MX3741200005","139193413"
"Todo Bien","Los Espiritus","Sancocho Stereo","Favorites tracks","Favorite","AR2MG2000133","270713707"
"Yüce Dag Basinda","Altin Gün","Yol","Favorites tracks","Favorite","DETP62000145","165491323"
"Göç / Me","Kit Sebastian","New Internationale","Favorites tracks","Favorite","GBCFB2400780","378308439"
"Maria También","Khruangbin","Con Todo El Mundo","Favorites tracks","Favorite","GB5EM1701747","82882614"
"Goca Dünya","Altin Gün","On","Favorites tracks","Favorite","CHA831792503","85509037"
"Tongo Barra","Vieux Farka Touré","Ali","Favorites tracks","Favorite","USJ5G2127404","236020237"
"Tongo Barra","Vieux Farka Touré","Ali","Favorites tracks","Favorite","USJ5G2127404","236020237"
"Turkish Coffee","BALTHVS","Cause & Effect","Favorites tracks","Favorite","SE6XY2170403","212160321"
"La Rueda Que Mueve Al Mundo","Los Espíritus","Agua Ardiente","Favorites tracks","Favorite","US3DF1947565","108799903"
"Cumbia de Oli (Punk Remix by Sgt. Papers)","Los Esplifs","Cumbia de Oli (Punk Remix by Sgt. Papers)","Favorites tracks","Favorite","QZMEQ2176073","197650120"
"Paleta","Orkesta Mendoza","Curandero","Favorites tracks","Favorite","DETP61900131","458343112"
"Churro Vs. Crow","Terror/Cactus","Churro Vs. Crow","Favorites tracks","Favorite","USHDH2000019","158097163"
"Vaivén","Cumbiasound","Cosas Del Universo","Favorites tracks","Favorite","FR26V2079054","162686986"
"La Era del GigaHertz","Frente Cumbiero","Cera Perdida","Favorites tracks","Favorite","US3DF2093416","159022419"
"Mirando El Fuego","El Búho","Camino de Flores","Favorites tracks","Favorite","TCADZ1876035","231239036"
"Ethanopium","Dengue Fever","Dengue Fever (Deluxe Edition)","Favorites tracks","Favorite","USME31201854","68395589"
"Ethiopian Dust","Superfónicos","Suelta - EP","Favorites tracks","Favorite","USUYG1220705","96172887"
"Eléctrico","Sotomayor","Conquistador","Favorites tracks","Favorite","US7VG1776906","101165441"
"Alberca (feat. Nidia Gongora)","Don Couto","Templo del Perro","Favorites tracks","Favorite","QZTBD2424523","385380798"
"Break Away","Thornato","Escape Plan","Favorites tracks","Favorite","USCCW1611076","248911903"
"Viaje a Mictlán","Panamá Cha-Cha","Viaje a Mictlán","Favorites tracks","Favorite","FR10S2511402","410105605"
"La Danza Del Petrolero","Los Wembler's de Iquitos","La Danza del Petrolero","Favorites tracks","Favorite","USDY50804041","11433762"
"La Danza de los Mirlos","Los Mirlos","Grandes Éxitos","Favorites tracks","Favorite","ARG991024977","75168754"
"Cumbion de las Aves","Chancha Via Circuito","Río Arriba","Favorites tracks","Favorite","GBGLW1100238","421644289"
"Guajira Sicodélica","Los Destellos","Sicodélicos","Favorites tracks","Favorite","FR96X1617486","65517378"
"Tierra","Bomba Estéreo","Deja","Favorites tracks","Favorite","USSD12100068","196428189"
"Guayabo","La Perla","Guayabo","Favorites tracks","Favorite","QZGLM2025146","367368281"
"Suena Tu Canto","Pahua","Suena Tu Canto","Favorites tracks","Favorite","US66W2201081","421811456"
"Virgenes del Sol","Manzanita","Cumbias Chichadelicas: Peruvian Psychedelic Chicha","Favorites tracks","Favorite","PEIF21101011","39391806"
"Quiero a Mi Gente","Abelardo Carbonó y su Conjunto","El Maravilloso Mundo De Aberlardo Carbonó","Favorites tracks","Favorite","ES8591300708","385758600"
"Ojitos Lindos","Bad Bunny","Un Verano Sin Ti","Favorites tracks","Favorite","QM6MZ2214888","227614751"
"Pintar el Sol","Miriam García","Río Arriba","Favorites tracks","Favorite","GBGLW1100239","421644290"
"Uno Resuena","Lulacruza","Orcas","Favorites tracks","Favorite","USCGJ1520968","46274671"
"Caracol","Tremor","Río Arriba","Favorites tracks","Favorite","GBGLW1100247","421644298"
"PIPÂ  DEL ELEFANTE","Califato ¾","ÊCCLABÔ DE LIBERTÁ","Favorites tracks","Favorite","BK4DA2402139","348148496"
"Aquiles","Mercedes Nasta","Aquiles","Favorites tracks","Favorite","QM6MZ1986153","253931112"
"Tierra Mojá","Los Gaiteros de Ovejas & Cerrero","Tierra Mojá (Dub Mix)","Favorites tracks","Favorite","QZ5AB1974803","91642694"
"Aguaepanela Fantástica","Masilva","Aguaepanela Fantástica","Favorites tracks","Favorite","GBLFP2038075","339478480"
"Chicharachera","La Perla","Callejera","Favorites tracks","Favorite","QZNJZ2217875","390492335"
"Antofogasta de la Sierra","Lagartijeando","El Gran Poder","Favorites tracks","Favorite","USCCW1610619","249030118"
"La Calor","Rumbo Tumba","Modo Camalote","Favorites tracks","Favorite","US66W1900491","129724078"
"Barro","Rumbo Tumba","Río Adentro","Favorites tracks","Favorite","AR9PY2100004","199552694"
"Eclipse","XIXA","Eclipse","Favorites tracks","Favorite","QMB592000156","151964182"
"Cumbia del Pichamán","Meridian Brothers","Cumbia Siglo XXI","Favorites tracks","Favorite","USHM22003528","142316141"
"Sonido Yoryi","Los Yoryis","Sonido Yoryi","Favorites tracks","Favorite","QZNJV2016781","156371922"
"Pista (Fresh Start)","Los Bitchos","Pista (Fresh Start)","Favorites tracks","Favorite","DED622200003","334853821"
"Gnosienne No.1","Chicha Libre","Sonido Amazonico","Favorites tracks","Favorite","USCNP0701714","20131190"
"Guajira Son","Paco Zambrano y sus Ratones","Ranking Tropical N°2","Favorites tracks","Favorite","US3DF2249376","230100732"
"Viene De Mi","La Yegros","Viene De Mi","Favorites tracks","Favorite","GBGLW1100074","450050470"
"Vampiro Sabanero","Los Miticos Del Ritmo","Salvación","Favorites tracks","Favorite","FRX202058476","148577812"
"Cumbia Espacial","Ondatrópica","Café del Mar XXV (Vol. 25)","Favorites tracks","Favorite","GBUQH1200083","112445588"
"Cumbia Del Caribe","Edmundo Arias y Su Orquesta","Su Mundo De Cumbias","Favorites tracks","Favorite","MXF367623153","129794665"
"Thai Cumbia","Rolando Bruno","Bailazo","Favorites tracks","Favorite","CH6131593004","501895163"
"La Campanera","Aniceto Molina","La Trayectoria","Favorites tracks","Favorite","QMDA71353021","42633616"
"La Libanesa","Los Miticos Del Ritmo","Los Miticos del Ritmo","Favorites tracks","Favorite","GBUQH1200044","218429775"
"Daniela","Rodolfo Aicardi","Historia Musical de Rodolfo Con los Hispanos: 40 Éxitos Inolvidables","Favorites tracks","Favorite","COF019600848","418291664"
"Nubes","Caifanes","El Silencio","Favorites tracks","Favorite","MXF019701449","5078315"
"Cuando","Hanine Y Son Cubano","Arabo-Cubano","Favorites tracks","Favorite","FR59R1796134","76189464"
"Triste Perro","Señor Loop","Señor Loop Se Queda En Casa Y Suelta Varias Plenas","Favorites tracks","Favorite","PACU22000005","157959444"
"Unter den Masken","Buntspecht","Draußen im Kopf","Favorites tracks","Favorite","ATDY91900003","248399255"
"Sonido Amazonico","Chicha Libre","Sonido Amazonico","Favorites tracks","Favorite","USCNP0701701","20131177"
"Soy Yo","Bejuco","Ritmo de dos mares","Favorites tracks","Favorite","QZMZ92571173","430485122"
"Batea","Bejuco","Batea","Favorites tracks","Favorite","COA9Y2100004","169795457"
"Je pense à toi","Amadou & Mariam","Je Pense A Toi","Favorites tracks","Favorite","FRZ029702480","3633825"
"Yeanoh (Powe'hande Binga'dbe)","Kondi Band","Belle Wahallah","Favorites tracks","Favorite","DEG931500805","184824565"
"Laidu","Rokia Traoré","Mouneïssa","Favorites tracks","Favorite","FR1F39700510","20550260"
"I Tcho Tchass","Akofa Akoussah","Akofa Akoussah","Favorites tracks","Favorite","GBHCD1611419","95009548"
"Wild Life","Wings","Wild Life","Favorites tracks","Favorite","GBCCS1800008","100893567"
"Mão na Mão","Ana Lua Caiano","Mão na Mão","Favorites tracks","Favorite","PT7OC2300001","450040032"
"Pista (Fresh Start)","Los Bitchos","Let the Festivities Begin!","Favorites tracks","Favorite","DED622200003","334938393"
"Maria","Orange Blossom","Under the Shade of Violets","Favorites tracks","Favorite","FRX471410012","34597590"
"Smek","Ÿuma","Chura","Favorites tracks","Favorite","FRP1M1600200","270058101"
"Aaj Shanibar","Rupa","Disco Jazz","Favorites tracks","Favorite","USCW61980503","102548014"
"More Women","Saâda Bonaire","Saâda Bonaire","Favorites tracks","Favorite","SEYOK1832284","214953816"
"Nice Mover","Gina X Performance","Nice Mover (Re-mastered)","Favorites tracks","Favorite","GBHBR0400703","5544774"
"The Softest Hard","Easter","The Softest Hard","Favorites tracks","Favorite","USX9P1271930","27810720"
"You Could Be More As You Are","Saâda Bonaire","Saâda Bonaire","Favorites tracks","Favorite","SEYOK1832281","214953813"
"Harness Your Hopes","Pavement","Brighten the Corners: Nicene Creedence Ed.","Favorites tracks","Favorite","USMTD0880519","2274458"
"Negro Santo (feat. Melisa Castellanos & Monstruos del Mañana)","Don Couto","Negro Santo (feat. Melisa Castellanos & Monstruos del Mañana)","Favorites tracks","Favorite","QZDA62157291","176084618"
"Chalino Y Sus 7 Balazos","Tropa Magica","Tripiando Al Infinito","Favorites tracks","Favorite","QZES92083449","491645608"
"Mil Navajas","El General Villamil","Miércoles Picante","Favorites tracks","Favorite","QZES62315987","288598842"
"El Diablo Y El Ñau Ñau (feat. Chico Mann)","Ocote Soul Sounds","Coconut Rock","Favorites tracks","Favorite","TCACM1650736","59591405"
"Coidar dunhas Colmeas","Néboa","A realidade Enganosa","Favorites tracks","Favorite","ES71G2051947","420837273"
"Asilo (feat. Mon Laferte)","Jorge Drexler","Salvavidas de hielo","Favorites tracks","Favorite","ES5151701236","78500355"
"Bichota (Post-Punk)","Friolento","Bichota (Post-Punk)","Favorites tracks","Favorite","QZGLS2142349","178920133"
"Papayas","Chicarica","Papayas","Favorites tracks","Favorite","QZ4JJ1686548","68782048"
"Pais Nublado","Helado Negro","This Is How You Smile","Favorites tracks","Favorite","US6PQ1900051","102601580"
"Westbound Train","Quantic","Death of the Revolution","Favorites tracks","Favorite","GBEUE0800920","477750178"
"Nada Es Verdad","Natalia Lafourcade","Un Canto por México, Vol. II","Favorites tracks","Favorite","MXF012100063","183958773"
"Marrakumbiah","La Internacional Sonora Balkanera","Etno Pachanga Sound System","Favorites tracks","Favorite","MX3511600004","458359313"
"Qué Tú Quieres?","Mabiland","1995","Favorites tracks","Favorite","QZ5AB1810248","182169676"
"Elly Y2abel Habibi","Sherine","Btmanna Ansak","Favorites tracks","Favorite","QZNJV2574452","444830922"
"Kids with Guns","Gorillaz","Demon Days","Favorites tracks","Favorite","GBAYE0500170","1404358"
"Porque te vas","Jeanette","Porque te vas","Favorites tracks","Favorite","ES5099800415","5911295"
"Yègellé Tezeta","Mulatu Astatke","New York - Addis - London: The Story of Ethio Jazz 1965-1975","Favorites tracks","Favorite","DEG930990134","184801622"
"Canción De Mierda","Mon Laferte","Canción De Mierda","Favorites tracks","Favorite","MXUM71902038","114164655"
"Bulls On Parade","Rage Against The Machine","Evil Empire","Favorites tracks","Favorite","USSM19502563","5120096"
"Slip","Elliot Moss","Audiokult Edition 21","Favorites tracks","Favorite","QMES51350017","60862659"
"Empire Ants (feat. Little Dragon)","Gorillaz","Plastic Beach","Favorites tracks","Favorite","GBAYE1400438","71109503"
"Colors","Black Pumas","Black Pumas","Favorites tracks","Favorite","USATO1900023","122486458"
"Sonido Bestial","Bobby Cruz","Un Sueño Bailando Por La Salsa","Favorites tracks","Favorite","USDBB0601161","110939118"
"Que Pena","The Lebron Brothers","Loco por Ti","Favorites tracks","Favorite","USDHM1916202","117932821"
"Fuego En El 23","Sonora Ponceña","Fuego en el 23!","Favorites tracks","Favorite","USDBB0600223","110219758"
"Sonido Bestial","Bobby Cruz","Un Sueño Bailando Por La Salsa","Favorites tracks","Favorite","USDBB0601161","110939118"
"Que Pena","The Lebron Brothers","Loco por Ti","Favorites tracks","Favorite","USDHM1916202","117932821"
"Fuego En El 23","Sonora Ponceña","Fuego en el 23!","Favorites tracks","Favorite","USDBB0600223","110219758"
"El Día De Mi Suerte","Willie Colón","La Esencia De La Fania","Favorites tracks","Favorite","USDBB0600749","110215451"
"Triste Y Vacía","Hector Lavoe","A Man And His Music: La Voz","Favorites tracks","Favorite","USDBB0601224","110452132"
"Trucutu","Tommy Olivencia y Su Orquesta","Planté Bandera","Favorites tracks","Favorite","USDBB0609587","111130061"
"Juanito Alimaña","Hector Lavoe","Vigilante","Favorites tracks","Favorite","USDBB0600856","110448804"
"Agúzate","Ricardo ""Richie"" Ray","Salsa - A Musical History","Favorites tracks","Favorite","USDBB0600418","110287753"
"Pearls","Sade","Love Deluxe","Favorites tracks","Favorite","GBBBM9200024","149574914"
"Feel No Pain","Sade","Love Deluxe","Favorites tracks","Favorite","GBBBM9202021","149574909"
"Gorilla","Little Simz","NO THANK YOU","Favorites tracks","Favorite","QMFME2257574","264882642"
"Smalltown Boy","Bronski Beat","The Age of Consent","Favorites tracks","Favorite","GBAAP0200005","82529071"
"Chicha Roja","La Yegros","Magnetismo","Favorites tracks","Favorite","GBUQH1500090","218358038"
"El Vals del Obrero","Ska-P","Todo Ska-p","Favorites tracks","Favorite","ES5029601029","18896573"
"El Punto Final","Centavrvs","Somos Uno","Favorites tracks","Favorite","MX3741600918","458385425"
"Woman","Little Simz","Sometimes I Might Be Introvert","Favorites tracks","Favorite","GBWWP2106837","252603951"
"Point and Kill","Little Simz","Sometimes I Might Be Introvert","Favorites tracks","Favorite","GBWWP2106850","252603966"
"LA MuDANZA","Bad Bunny","DeBÍ TiRAR MáS FOToS","Favorites tracks","Favorite","QMFMF2447071","409386877"
"DtMF","Bad Bunny","DeBÍ TiRAR MáS FOToS","Favorites tracks","Favorite","QMFMF2447070","409386876"
"LO QUE LE PASÓ A HAWAii","Bad Bunny","DeBÍ TiRAR MáS FOToS","Favorites tracks","Favorite","QMFMF2447068","409386874"
"CAFé CON RON","Bad Bunny","DeBÍ TiRAR MáS FOToS","Favorites tracks","Favorite","QMFMF2447066","409386872"
"TURiSTA","Bad Bunny","DeBÍ TiRAR MáS FOToS","Favorites tracks","Favorite","QMFMF2447065","409386871"
"BAILE INoLVIDABLE","Bad Bunny","DeBÍ TiRAR MáS FOToS","Favorites tracks","Favorite","QMFMF2447057","409386863"
"VOY A LLeVARTE PA PR","Bad Bunny","DeBÍ TiRAR MáS FOToS","Favorites tracks","Favorite","QMFMF2447056","409386862"
"NUEVAYoL","Bad Bunny","DeBÍ TiRAR MáS FOToS","Favorites tracks","Favorite","QMFMF2447055","409386861"
"Ain't No Rest for the Wicked","Cage The Elephant","Massive Hits!: Alternative","Favorites tracks","Favorite","GBGLM0700133","19573423"
"Gelernt","Käptn Peng","Das nullte Kapitel","Favorites tracks","Favorite","DEZ901700134","70818505"
"Der rote Pfau","Buntspecht","Großteils Kleinigkeiten","Favorites tracks","Favorite","ATDY91700010","248402413"
"Tango im Treibsand","Käptn Peng","Das nullte Kapitel","Favorites tracks","Favorite","DEZ901700128","70818499"
"20.000 Meilen","Chuckamuck","Chuckamuck","Favorites tracks","Favorite","DEEH61702524","241477214"
"Rotweinmund","Buntspecht","Draußen im Kopf","Favorites tracks","Favorite","ATDY91900011","248399262"
"99 Luftballons","Nena","99 Luftballons [2009]","Favorites tracks","Favorite","DET461000178","4857762"
"Esto No Para","Kase.O","El Círculo","Favorites tracks","Favorite","ES6081641202","418471004"
"No Copio","Crudo Means Raw","No Copio","Favorites tracks","Favorite","QZ5AB2007085","92776330"
"Riders on the Storm","The Doors","L.A. Woman","Favorites tracks","Favorite","USEE19900773","19373769"
"Crimson & Clover","Tommy James","Anthology","Favorites tracks","Favorite","GBAYE6800094","140126"
"People Are Strange","The Doors","Strange Days","Favorites tracks","Favorite","USEE19900740","341902"
"Dreams (2001 Remaster)","Fleetwood Mac","Rumours","Favorites tracks","Favorite","USWB10101368","68714461"
"California Dreamin'","The Mamas & The Papas","If You Can Believe Your Eyes & Ears","Favorites tracks","Favorite","USMC16532697","36379797"
"Yo Bailo Sola","Acid Coco","Mucho Gusto","Favorites tracks","Favorite","UKXN21905424","154370021"
"Caballo Viejo","Roberto Torres","Roberto Torres y su Charanga Vallenata, Vol. 2","Favorites tracks","Favorite","USLGD0910408","11136549"
"White Rabbit","Jefferson Airplane","Surrealistic Pillow","Favorites tracks","Favorite","USRC10301017","42723"
"My Baby Loves Me","Martha Reeves","The Definitive Collection","Favorites tracks","Favorite","USMO16600462","2176336"
"La femme d'argent","Air","Moon Safari","Favorites tracks","Favorite","FRS639700550","1477891"
"The Chain (2001 Remaster)","Fleetwood Mac","Rumours","Favorites tracks","Favorite","USWB10101373","68714466"
"Rhiannon","Fleetwood Mac","Fleetwood Mac","Favorites tracks","Favorite","USWB19900188","2767839"
"Live at The Forum, Los Angeles, CA (October 21-22, 1982) - The Chain (Live at the Forum, Los Angeles, CA October 21-22, 1982) [2016 Remaster]","Fleetwood Mac","Mirage (Deluxe Edition)","Favorites tracks","Favorite","USRH11602259","64733830"
"I Feel Love","Donna Summer","I Remember Yesterday","Favorites tracks","Favorite","USPR39402393","567499"
"Hot Stuff","Donna Summer","Bad Girls","Favorites tracks","Favorite","USPR37907202","93427542"
"Didn't It Rain","Sister Rosetta Tharpe","The Gospel Of The Blues","Favorites tracks","Favorite","USMC14773989","4020029"
"Heart Of Glass","Blondie","The Best Of Blondie","Favorites tracks","Favorite","USCH39600074","147871"
"Drowning Out","You'll Never Get to Heaven","You’ll Never Get to Heaven","Favorites tracks","Favorite","CABM51200104","270773655"
"Das Gegenteil Von Gut Ist Gut Gemeint","Kinderzimmer Productions","Im Auftrag ewiger Jugend und Glückseligkeit","Favorites tracks","Favorite","DEHB69600008","18697434"
"When I Was Done Dying","Dan Deacon","Gliss Riffer","Favorites tracks","Favorite","GBCEL1400553","41841123"
"Frankie Sinatra","The Avalanches","Wildflower","Favorites tracks","Favorite","AUUM71600212","62500547"
"Verguenza","Sexteto Juventud","En Todo!","Favorites tracks","Favorite","QMFME1597919","152512360"
"Protesta","Sexteto Juventud","En Todo!","Favorites tracks","Favorite","QMFME1597917","152512358"
"Me Mamé","Consulado Popular","Me Mamé","Favorites tracks","Favorite","USDXS1600180","134779861"
"No Hay Nadie Como Tú (feat. Café Tacuba) (Album Version)","Calle 13","Los De Atrás Vienen Conmigo","Favorites tracks","Favorite","USSD10804528","3328588"
"Los Caminos De La Vida","Los Diablitos","Sorpresa Caribe","Favorites tracks","Favorite","COC019321633","345147699"
"La Guitarra","Los Auténticos Decadentes","Mi Vida Loca","Favorites tracks","Favorite","ARF039501192","3346197"
"This Is a Man's World","James Brown","Soul Box","Favorites tracks","Favorite","USA560692166","10300891"
"Intuition","Sophia Rayne","Intuition","Favorites tracks","Favorite","USL4Q2048014","432592768"
"Khayal","Kazdoura","Khayal","Favorites tracks","Favorite","USUYG1578033","392369662"
"Agua","Bomba Estéreo","Deja","Favorites tracks","Favorite","USSD12000613","196428180"
"Tamborero","Bomba Estéreo","Deja","Favorites tracks","Favorite","USSD12100060","196428187"
"Karpatskyi Rep","DakhaBrakha","Light","Favorites tracks","Favorite","TCABS1493679","25764013"
"Les deux guitares","Opa Tsupa","Inédits","Favorites tracks","Favorite","FRP621618730","277666767"
"Hu Man","Greentea Peng","Hu Man","Favorites tracks","Favorite","GBUM72003864","150169645"
"Frijolero","Molotov","Dance And Dense Denso","Favorites tracks","Favorite","USUL10201087","611796"
"Reverdecer","Perotá Chingó","Aguas","Favorites tracks","Favorite","ARPTB1700006","188961825"
"Gamesofluck","Parcels","Gamesofluck","Favorites tracks","Favorite","FRU701600048","120548599"
"Mother May I Sleep With Danger?","Joy Crookes","Influence EP","Favorites tracks","Favorite","TCADA1799251","91344179"
"Monólogo de Humor","Facundo Cabral","Pateando Tachos","Favorites tracks","Favorite","GBMA22401463","370958520"
"El Pescador","Totó La Momposina","La Candela Viva","Favorites tracks","Favorite","GBCPA9300229","45111417"
"Blue Drag","Allen Toussaint","The Bright Mississippi","Favorites tracks","Favorite","USNO10807877","2572685"
"Is You Is Or Is You Ain't (My Baby)","Louis Jordan","Rock 'N' Roll","Favorites tracks","Favorite","USPR35612278","228808184"
"La chusma inconsciente","Evelyn Cornejo","La chusma inconsciente","Favorites tracks","Favorite","ARC571702041","220489230"
"Touch Me I'm Going to Scream, Pt. 2","My Morning Jacket","Evil Urges","Favorites tracks","Favorite","USATO0800044","13971494"
"Only for You","Heartless Bastards","Arrow","Favorites tracks","Favorite","USBQU1100085","17157803"
"Deixa A Gira Girá","Os Tincoãs","Os Tincoãs","Favorites tracks","Favorite","BRUM72201762","451041423"
"Self","Noname","Room 25","Favorites tracks","Favorite","QM24S1834470","259321030"
"Quimey Neuquén","Jose Larralde","Herencia: Canta José Larralde","Favorites tracks","Favorite","ARF038900103","3758855"
"Ulysses and the Sea","Papooz","Papooz","Favorites tracks","Favorite","FR2X41421758","76117184"
"Mum Does the Washing","Joshua Idehen","Mum Does the Washing","Favorites tracks","Favorite","SE5JH2401001","452378656"
"Ya Ummi","Selin Sümbültepe","Ya Ummi","Favorites tracks","Favorite","DGA062541037","466903500"
"El Sol No Regresa","La Quinta Estación","Flores De Alquiler","Favorites tracks","Favorite","MXF010400019","33974880"
"Teardrops","NEIL FRANCES","Stay Strong Play Long","Favorites tracks","Favorite","US3DF1801131","211543560"
"Cherry","Jungle","For Ever","Favorites tracks","Favorite","GBBKS1800100","93098997"
"Globo","Ele A","Globo","Favorites tracks","Favorite","FR10S2332187","270554628"
"Vengo","La Muchacha","Polen","Favorites tracks","Favorite","USL4Q1887461","100629982"
"Antropología","Carmelo Torres y Los Toscos","Carmelo Torres y los Toscos","Favorites tracks","Favorite","QZ9YE1800217","104221446"
"Mum Does the Washing","Joshua Idehen","Mum Does the Washing","Favorites tracks","Favorite","SE5JH2401001","452378656"
"Ya Ummi","Selin Sümbültepe","Ya Ummi","Favorites tracks","Favorite","DGA062541037","466903500"
"El Sol No Regresa","La Quinta Estación","Flores De Alquiler","Favorites tracks","Favorite","MXF010400019","33974880"
"Teardrops","NEIL FRANCES","Stay Strong Play Long","Favorites tracks","Favorite","US3DF1801131","211543560"
"Cherry","Jungle","For Ever","Favorites tracks","Favorite","GBBKS1800100","93098997"
"Globo","Ele A","Globo","Favorites tracks","Favorite","FR10S2332187","270554628"
"Vengo","La Muchacha","Polen","Favorites tracks","Favorite","USL4Q1887461","100629982"
"Antropología","Carmelo Torres y Los Toscos","Carmelo Torres y los Toscos","Favorites tracks","Favorite","QZ9YE1800217","104221446"
"Algo contigo","Rita Payés","Imagina","Favorites tracks","Favorite","GBMA21859629","350978008"
"Lo malo de ser bueno","El Cuarteto de Nos","Porfiado","Favorites tracks","Favorite","ARF111200008","15274106"
"Plastic Bag","X-Ray Spex","Germ Free Adolescents","Favorites tracks","Favorite","GBAJE7800080","377709750"
"She Said","The Jins","Death Wish","Favorites tracks","Favorite","CAB391802302","105881087"
"Don't Preach to Me","The Skallywags","Estate of Intent","Favorites tracks","Favorite","GBKPL1941662","242334840"
"Buen día Benito","El Cuarteto de Nos","Porfiado","Favorites tracks","Favorite","ARF111200006","15274104"
"Me Robaste El Sueño","Martina Camargo","Straight from the Decks, Vol. 2 (Guts Finest Selection from His Famous DJ Sets)","Favorites tracks","Favorite","USHM20968850","176357801"
"Deliver Us","Alton Ellis","The Pama Years: Alton Ellis, The Godfather of Rocksteady","Favorites tracks","Favorite","GBVVQ1900642","151353026"
"Te Guardo","Silvana Estrada","Primeras Canciones","Favorites tracks","Favorite","QZ5AB1846855","416550957"
"Deixa A Gira Girar","Os Tincoãs","Welcome To The ORISHAS HOMELAND - In The Rhythm Of Nature And Faith","Favorites tracks","Favorite","BRUM71400048","26945868"
"Berekekê","Geraldo Azevedo","Berekekê","Favorites tracks","Favorite","BRGPL0900003","29392419"
"Shoop","Salt-N-Pepa","Very Necessary","Favorites tracks","Favorite","USWWW0126118","169910580"
"Bam Bam","Sister Nancy","One Two","Favorites tracks","Favorite","USA2P0804885","421050361"
"El Jardin","Hermanos Gutiérrez","8 Años","Favorites tracks","Favorite","CH7811707850","359676470"
"This is Not America (feat. Ibeyi)","Residente","This is Not America (feat. Ibeyi)","Favorites tracks","Favorite","USSD12000406","220892498"
"Parque","Onda Vaga","Fuerte Y Caliente","Favorites tracks","Favorite","ARJ870800002","229905055"
"Certo","Perotá Chingó","Aguas","Favorites tracks","Favorite","ARPTB1700004","188961823"
"Lift You","Moin","You Never End","Favorites tracks","Favorite","DEG932403663","378720443"
"Police State (feat. Chairman Omali Yeshitela)","Dead Prez","Let's Get Free","Favorites tracks","Favorite","USLR59900821","33905777"
"Sacar la Voz","Jorge Drexler","La Bala","Favorites tracks","Favorite","US66W1101135","13110531"
"Anhelando Iruya","Perotá Chingó","Aguas","Favorites tracks","Favorite","ARPTB1700008","188961827"
"Call Me When You Want Me","Love Apple","Love Apple","Favorites tracks","Favorite","USCW61242502","23435077"
"Azúca / El Loro y La Lora","Aida Bossa","Straight from the Decks, Vol. 3 (Guts Finest Selection from His Famous DJ Sets)","Favorites tracks","Favorite","US7VG1850229","302623402"
"Baianá","Barbatuques","Brasingles Vol. 2","Favorites tracks","Favorite","BRMPC0500451","298439764"
"Ilaló","Chancha Via Circuito","Nova Tunes 3.8","Favorites tracks","Favorite","USCCW1610778","93314330"
"Baby","DakhaBrakha","Light","Favorites tracks","Favorite","TCABS1493683","25764017"
"u got love","De Lucht","u got love","Favorites tracks","Favorite","NL3AA2500048","423411918"
"El Gigante de Hierro","Grupo Soñador","Grandes Exitos Originales","Favorites tracks","Favorite","USU6V9997813","93490463"
"Popurri","Aniceto Molina","Más Sabroso Que Nunca","Favorites tracks","Favorite","USLFZ0710092","8710837"
"Transparent","Dota Kehr","Bis auf den Grund","Favorites tracks","Favorite","DEBR51000001","74573658"
"Yaz Gazeteci Yaz","Selda Bağcan","Türkülerimiz 2 - Mehmet Emmi","Favorites tracks","Favorite","TR7340800186","183849463"
"Gangsta's Paradise","Coolio","Gangsta's Paradise","Favorites tracks","Favorite","USTB10250016","219775152"
"Cheftak","Soapkills","The Best of Soapkills","Favorites tracks","Favorite","BE6F51500920","44580106"
"Cumbia Sampuesana","Aniceto Molina","Salsa Hits, Vol.1","Favorites tracks","Favorite","TCADO1818657","86778293"
"Aprenderé","La otra","Aprenderé (en directo 2K23)","Favorites tracks","Favorite","QM4TW2389784","283608188"
"El Golpe de Mi Tambó","TONADA","Mi Tonada","Favorites tracks","Favorite","FRX281730856","342780269"
"Lejos de la ciudad","Muerdo","Viento Sur","Favorites tracks","Favorite","ES7311500240","54959544"
"Quieto","Edson Velandia","El Karateka","Favorites tracks","Favorite","US7VG1638671","60091787"
"Venganza","Velandia y la Tigra","Proverbios Burros","Favorites tracks","Favorite","QZNJZ2362141","312277333"
"Miren","Churupaca","Churupaca","Favorites tracks","Favorite","ARC571502635","315925689"
"Hoy","Churupaca","Sesiones de Estudio en el Jardín","Favorites tracks","Favorite","ARC572003824","315922407"
"Abro los Ojos","Churupaca","Antes de Mañana","Favorites tracks","Favorite","ARDOR1800004","315341989"
"All One Nation","Tito La Rosa","Prophecy Of The Eagle And The Condor","Favorites tracks","Favorite","US74R0592801","97117515"
"Love Is A Battlefield","Pat Benatar","Live From Earth","Favorites tracks","Favorite","USCH38400020","197385888"
"Maneater","Daryl Hall & John Oates","H2O","Favorites tracks","Favorite","USRC10301821","99674926"
"I'd Love to Change the World","Ten Years After","A Space in Time","Favorites tracks","Favorite","UKKP21700109","233193545"
"Canta Querida","LISZA","Charango","Favorites tracks","Favorite","BEDR12000001","141674827"
"Summer Rain","Le Parody","Summer Rain","Favorites tracks","Favorite","UKADC1500019","241955447"
"Makes You Fly","Nice Guys","Nice Guys Love You (Vol. 1)","Favorites tracks","Favorite","FR9Z61900078","111169140"
"Zvichapera","Chiwoniso","Zvichapera","Favorites tracks","Favorite","FR9W11420293","86561428"
"La Última Noche","Augusto Bracho","Mercado de los Corotos","Favorites tracks","Favorite","TCADP1889277","88380953"
"Su Comunisti Della Capitale","Piero Brega","Quando Nascesti Tune","Favorites tracks","Favorite","ITOOJ1300328","86885291"
"Cumbia De Valledupar","Sabor Vallenato","Cumbias Salvajes","Favorites tracks","Favorite","QZDQH2436758","401336656"
"Canta Querida","LISZA","Charango","Favorites tracks","Favorite","BEDR12000001","141674827"
"Summer Rain","Le Parody","Summer Rain","Favorites tracks","Favorite","UKADC1500019","241955447"
"Makes You Fly","Nice Guys","Nice Guys Love You (Vol. 1)","Favorites tracks","Favorite","FR9Z61900078","111169140"
"Zvichapera","Chiwoniso","Zvichapera","Favorites tracks","Favorite","FR9W11420293","86561428"
"La Última Noche","Augusto Bracho","Mercado de los Corotos","Favorites tracks","Favorite","TCADP1889277","88380953"
"Su Comunisti Della Capitale","Piero Brega","Quando Nascesti Tune","Favorites tracks","Favorite","ITOOJ1300328","86885291"
"Cumbia De Valledupar","Sabor Vallenato","Cumbias Salvajes","Favorites tracks","Favorite","QZDQH2436758","401336656"
"Berekekê","Geraldo Azevedo","Berekekê","sonidos en portugués","Playlist","BRGPL0900003","29392419"
"Deixa A Gira Girar","Os Tincoãs","Welcome To The ORISHAS HOMELAND - In The Rhythm Of Nature And Faith","sonidos en portugués","Playlist","BRUM71400048","26945868"
"Manha De Carnaval","Elizeth Cardoso","Black Orpheus (Original Motion Picture Soundtrack)","sonidos en portugués","Playlist","USGR10300501","3763971"
"Preciso Me Encontrar","Cartola","Cartola (1976)","sonidos en portugués","Playlist","BREMI7600160","63778829"
"Construção","Chico Buarque","Construção","sonidos en portugués","Playlist","BRPGD7100036","3765068"
"Cuidame (Directo Libertad 8) (with Jorge Drexler)","Pedro Guerra","Pedro Guerra 20 Años Libertad 8 (En Directo)","hablan del verbo amar","Playlist","ES5021400183","28349766"
"Chao Miamor","La Muchacha","Más Canciones Crudas","hablan del verbo amar","Playlist","QZGLM2112053","175682096"
"El Baile","Pedro Pastor","Vulnerables","hablan del verbo amar","Playlist","ES71G1910720","419656814"
"Ronca (Carta para una mija)","Las Mijas","Ronca (Carta para una mija)","hablan del verbo amar","Playlist","QZNJW2226538","235858384"
"i love you","Billie Eilish","WHEN WE ALL FALL ASLEEP, WHERE DO WE GO?","hablan del verbo amar","Playlist","USUM71900773","121069671"
"Melody Noir","Patrick Watson","Wave","hablan del verbo amar","Playlist","CA0RZ1800031","119484191"
"Asilo (feat. Mon Laferte)","Jorge Drexler","Salvavidas de hielo","hablan del verbo amar","Playlist","ES5151701236","78500355"
"Ain't No Sunshine","Bill Withers","Just As I Am","blues jazz rock","Playlist","USSM10000372","2098894"
"Silver Spoon","Kirk Fletcher","I'm Here and I'm Gone - 10th Anniversary Reissue (With Bonus Tracks)","blues jazz rock","Playlist","USA560940270","8776546"
"Turiya & Ramakrishna","Alice Coltrane","Ptah The El Daoud","blues jazz rock","Playlist","USMC17049551","35655264"
"A Fool No More","Peter Green","In the Skies","blues jazz rock","Playlist","GBAJE7800307","491305866"
"Misty","Sarah Vaughan","Sassy Swings The Tivoli","blues jazz rock","Playlist","USPR36302488","93438319"
"How Blue Can You Get?","B.B. King","Live In Cook County Jail","blues jazz rock","Playlist","USMC17147484","77635567"
"Strange Fruit","Billie Holiday","Lady Sings The Blues","blues jazz rock","Playlist","USPR35602457","93057542"
"Ain't Got No / I Got Life","NINA SIMONE","Feeling Good: Her Greatest Hits And Remixes","blues jazz rock","Playlist","USRC16804194","215227779"
"Elbow Pain","Glue Trip","Glue Trip","guitarras lindas","Playlist","US7VG1620694","58260539"
"Saving A Life","richard houghten","Sonata De Grillo","guitarras lindas","Playlist","TCACC1433451","240363883"
"Last Chance","Thornato","Bennu","guitarras lindas","Playlist","USCCW1610618","249030180"
"Les deux guitares","Opa Tsupa","Inédits","guitarras lindas","Playlist","FRP621618730","277666767"
"Raquel","Bau","Top d'Coroa","guitarras lindas","Playlist","FRX629390010","500375359"
"Pais Nublado","Helado Negro","This Is How You Smile","tranquilidad","Playlist","US6PQ1900051","102601580"
"In a Manner of Speaking","Nouvelle Vague","Nouvelle vague","tranquilidad","Playlist","GBEWK0400021","301685604"